Fecha,Mediciones 0 a 8,Mediciones 8 a 16,Mediciones 16 a 24,Estaci√≥n
2020-03-01,19,,,parque-centenario
2020-03-01,,14,,parque-centenario
2020-03-01,,,25,parque-centenario
2020-03-02,15,,,parque-centenario
2020-03-02,,17,,parque-centenario
2020-03-02,,,25,parque-centenario
2020-03-03,16,,,parque-centenario
2020-03-03,,13,,parque-centenario
2020-03-03,,,19,parque-centenario
2020-03-04,13,,,parque-centenario
2020-03-04,,18,,parque-centenario
2020-03-04,,,17,parque-centenario
2020-03-05,10,,,parque-centenario
2020-03-05,,13,,parque-centenario
2020-03-05,,,17,parque-centenario
2020-03-06,12,,,parque-centenario
2020-03-06,,14,,parque-centenario
2020-03-06,,,21,parque-centenario
2020-03-07,11,,,parque-centenario
2020-03-07,,9,,parque-centenario
2020-03-07,,,24,parque-centenario
2020-03-08,15,,,parque-centenario
2020-03-08,,13,,parque-centenario
2020-03-08,,,31,parque-centenario
2020-03-09,21,,,parque-centenario
2020-03-09,,15,,parque-centenario
2020-03-09,,,15,parque-centenario
2020-03-10,10,,,parque-centenario
2020-03-10,,12,,parque-centenario
2020-03-10,,,13,parque-centenario
2020-03-11,11,,,parque-centenario
2020-03-11,,17,,parque-centenario
2020-03-11,,,17,parque-centenario
2020-03-12,16,,,parque-centenario
2020-03-12,,s/d,,parque-centenario
2020-03-12,,,56,parque-centenario
2020-03-13,18,,,parque-centenario
2020-03-13,,20,,parque-centenario
2020-03-13,,,35,parque-centenario
2020-03-14,11,,,parque-centenario
2020-03-14,,17,,parque-centenario
2020-03-14,,,15,parque-centenario
2020-03-15,10,,,parque-centenario
2020-03-15,,7,,parque-centenario
2020-03-15,,,12,parque-centenario
2020-03-16,19,,,parque-centenario
2020-03-16,,12,,parque-centenario
2020-03-16,,,16,parque-centenario
2020-03-17,11,,,parque-centenario
2020-03-17,,17,,parque-centenario
2020-03-17,,,14,parque-centenario
2020-03-18,9,,,parque-centenario
2020-03-18,,16,,parque-centenario
2020-03-18,,,19,parque-centenario
2020-03-19,13,,,parque-centenario
2020-03-19,,13,,parque-centenario
2020-03-19,,,21,parque-centenario
2020-03-20,22,,,parque-centenario
2020-03-20,,14,,parque-centenario
2020-03-20,,,19,parque-centenario
2020-03-21,14,,,parque-centenario
2020-03-21,,10,,parque-centenario
2020-03-21,,,18,parque-centenario
2020-03-22,14,,,parque-centenario
2020-03-22,,7,,parque-centenario
2020-03-22,,,11,parque-centenario
2020-03-23,6,,,parque-centenario
2020-03-23,,4,,parque-centenario
2020-03-23,,,10,parque-centenario
2020-03-24,6,,,parque-centenario
2020-03-24,,4,,parque-centenario
2020-03-24,,,15,parque-centenario
2020-03-25,6,,,parque-centenario
2020-03-25,,9,,parque-centenario
2020-03-25,,,8,parque-centenario
2020-03-26,6,,,parque-centenario
2020-03-26,,10,,parque-centenario
2020-03-26,,,8,parque-centenario
2020-03-27,6,,,parque-centenario
2020-03-27,,9,,parque-centenario
2020-03-27,,,13,parque-centenario
2020-03-28,8,,,parque-centenario
2020-03-28,,9,,parque-centenario
2020-03-28,,,20,parque-centenario
2020-03-29,6,,,parque-centenario
2020-03-29,,7,,parque-centenario
2020-03-29,,,18,parque-centenario
2020-03-30,9,,,parque-centenario
2020-03-30,,8,,parque-centenario
2020-03-30,,,6,parque-centenario
2020-03-31,3,,,parque-centenario
2020-03-31,,4,,parque-centenario
2020-03-31,,,6,parque-centenario
2020-04-01,3,,,parque-centenario
2020-04-01,,8,,parque-centenario
2020-04-01,,,12,parque-centenario
2020-04-02,4,,,parque-centenario
2020-04-02,,5,,parque-centenario
2020-04-02,,,8,parque-centenario
2020-04-03,7,,,parque-centenario
2020-04-03,,10,,parque-centenario
2020-04-03,,,12,parque-centenario
2020-04-04,6,,,parque-centenario
2020-04-04,,7,,parque-centenario
2020-04-04,,,16,parque-centenario
2020-04-05,13,,,parque-centenario
2020-04-05,,7,,parque-centenario
2020-04-05,,,16,parque-centenario
2020-04-06,11,,,parque-centenario
2020-04-06,,5,,parque-centenario
2020-04-06,,,9,parque-centenario
2020-04-07,8,,,parque-centenario
2020-04-07,,10,,parque-centenario
2020-04-07,,,14,parque-centenario
2020-04-08,14,,,parque-centenario
2020-04-08,,12,,parque-centenario
2020-04-08,,,15,parque-centenario
2020-04-09,20,,,parque-centenario
2020-04-09,,10,,parque-centenario
2020-04-09,,,11,parque-centenario
2020-04-10,16,,,parque-centenario
2020-04-10,,8,,parque-centenario
2020-04-10,,,7,parque-centenario
2020-04-11,6,,,parque-centenario
2020-04-11,,6,,parque-centenario
2020-04-11,,,11,parque-centenario
2020-04-12,11,,,parque-centenario
2020-04-12,,5,,parque-centenario
2020-04-12,,,12,parque-centenario
2020-04-13,9,,,parque-centenario
2020-04-13,,18,,parque-centenario
2020-04-13,,,12,parque-centenario
2020-04-14,7,,,parque-centenario
2020-04-14,,10,,parque-centenario
2020-04-14,,,13,parque-centenario
2020-04-15,8,,,parque-centenario
2020-04-15,,10,,parque-centenario
2020-04-15,,,20,parque-centenario
2020-04-16,18,,,parque-centenario
2020-04-16,,20,,parque-centenario
2020-04-16,,,30,parque-centenario
2020-04-17,18,,,parque-centenario
2020-04-17,,11,,parque-centenario
2020-04-17,,,24,parque-centenario
2020-04-18,12,,,parque-centenario
2020-04-18,,7,,parque-centenario
2020-04-18,,,15,parque-centenario
2020-04-19,8,,,parque-centenario
2020-04-19,,5,,parque-centenario
2020-04-19,,,21,parque-centenario
2020-04-20,20,,,parque-centenario
2020-04-20,,24,,parque-centenario
2020-04-20,,,30,parque-centenario
2020-04-21,16,,,parque-centenario
2020-04-21,,11,,parque-centenario
2020-04-21,,,10,parque-centenario
2020-04-22,12,,,parque-centenario
2020-04-22,,14,,parque-centenario
2020-04-22,,,12,parque-centenario
2020-04-23,8,,,parque-centenario
2020-04-23,,13,,parque-centenario
2020-04-23,,,20,parque-centenario
2020-04-24,7,,,parque-centenario
2020-04-24,,20,,parque-centenario
2020-04-24,,,18,parque-centenario
2020-04-25,13,,,parque-centenario
2020-04-25,,10,,parque-centenario
2020-04-25,,,9,parque-centenario
2020-04-26,5,,,parque-centenario
2020-04-26,,5,,parque-centenario
2020-04-26,,,6,parque-centenario
2020-04-27,4,,,parque-centenario
2020-04-27,,11,,parque-centenario
2020-04-27,,,11,parque-centenario
2020-04-28,6,,,parque-centenario
2020-04-28,,10,,parque-centenario
2020-04-28,,,14,parque-centenario
2020-04-29,8,,,parque-centenario
2020-04-29,,11,,parque-centenario
2020-04-29,,,18,parque-centenario
2020-04-30,12,,,parque-centenario
2020-04-30,,16,,parque-centenario
2020-04-30,,,23,parque-centenario
2020-05-01,24,,,parque-centenario
2020-05-01,,10,,parque-centenario
2020-05-01,,,13,parque-centenario
2020-05-02,13,,,parque-centenario
2020-05-02,,11,,parque-centenario
2020-05-02,,,10,parque-centenario
2020-05-03,6,,,parque-centenario
2020-05-03,,5,,parque-centenario
2020-05-03,,,19,parque-centenario
2020-05-04,12,,,parque-centenario
2020-05-04,,20,,parque-centenario
2020-05-04,,,20,parque-centenario
2020-05-05,8,,,parque-centenario
2020-05-05,,11,,parque-centenario
2020-05-05,,,13,parque-centenario
2020-05-06,8,,,parque-centenario
2020-05-06,,15,,parque-centenario
2020-05-06,,,22,parque-centenario
2020-05-07,19,,,parque-centenario
2020-05-07,,19,,parque-centenario
2020-05-07,,,27,parque-centenario
2020-05-08,20,,,parque-centenario
2020-05-08,,19,,parque-centenario
2020-05-08,,,17,parque-centenario
2020-05-09,7,,,parque-centenario
2020-05-09,,14,,parque-centenario
2020-05-09,,,17,parque-centenario
2020-05-10,8,,,parque-centenario
2020-05-10,,10,,parque-centenario
2020-05-10,,,29,parque-centenario
2020-05-11,10,,,parque-centenario
2020-05-11,,14,,parque-centenario
2020-05-11,,,25,parque-centenario
2020-05-12,23,,,parque-centenario
2020-05-12,,20,,parque-centenario
2020-05-12,,,28,parque-centenario
2020-05-13,29,,,parque-centenario
2020-05-13,,23,,parque-centenario
2020-05-13,,,17,parque-centenario
2020-05-14,15,,,parque-centenario
2020-05-14,,27,,parque-centenario
2020-05-14,,,28,parque-centenario
2020-05-15,14,,,parque-centenario
2020-05-15,,23,,parque-centenario
2020-05-15,,,31,parque-centenario
2020-05-16,15,,,parque-centenario
2020-05-16,,19,,parque-centenario
2020-05-16,,,26,parque-centenario
2020-05-17,14,,,parque-centenario
2020-05-17,,16,,parque-centenario
2020-05-17,,,17,parque-centenario
2020-05-18,6,,,parque-centenario
2020-05-18,,16,,parque-centenario
2020-05-18,,,23,parque-centenario
2020-05-19,9,,,parque-centenario
2020-05-19,,18,,parque-centenario
2020-05-19,,,33,parque-centenario
2020-05-20,13,,,parque-centenario
2020-05-20,,25,,parque-centenario
2020-05-20,,,37,parque-centenario
2020-05-21,12,,,parque-centenario
2020-05-21,,14,,parque-centenario
2020-05-21,,,11,parque-centenario
2020-05-22,6,,,parque-centenario
2020-05-22,,16,,parque-centenario
2020-05-22,,,15,parque-centenario
2020-05-23,7,,,parque-centenario
2020-05-23,,11,,parque-centenario
2020-05-23,,,24,parque-centenario
2020-05-24,20,,,parque-centenario
2020-05-24,,13,,parque-centenario
2020-05-24,,,15,parque-centenario
2020-05-25,5,,,parque-centenario
2020-05-25,,6,,parque-centenario
2020-05-25,,,9,parque-centenario
2020-05-26,9,,,parque-centenario
2020-05-26,,19,,parque-centenario
2020-05-26,,,28,parque-centenario
2020-05-27,14,,,parque-centenario
2020-05-27,,17,,parque-centenario
2020-05-27,,,21,parque-centenario
2020-05-28,14,,,parque-centenario
2020-05-28,,20,,parque-centenario
2020-05-28,,,30,parque-centenario
2020-05-29,17,,,parque-centenario
2020-05-29,,20,,parque-centenario
2020-05-29,,,27,parque-centenario
2020-05-30,24,,,parque-centenario
2020-05-30,,13,,parque-centenario
2020-05-30,,,10,parque-centenario
2020-05-31,4,,,parque-centenario
2020-05-31,,6,,parque-centenario
2020-05-31,,,13,parque-centenario
2020-06-01,11,,,parque-centenario
2020-06-01,,17,,parque-centenario
2020-06-01,,,26,parque-centenario
2020-06-02,28,,,parque-centenario
2020-06-02,,26,,parque-centenario
2020-06-02,,,31,parque-centenario
2020-06-03,20,,,parque-centenario
2020-06-03,,38,,parque-centenario
2020-06-03,,,39,parque-centenario
2020-06-04,16,,,parque-centenario
2020-06-04,,30,,parque-centenario
2020-06-04,,,33,parque-centenario
2020-06-05,25,,,parque-centenario
2020-06-05,,24,,parque-centenario
2020-06-05,,,20,parque-centenario
2020-06-06,10,,,parque-centenario
2020-06-06,,13,,parque-centenario
2020-06-06,,,12,parque-centenario
2020-06-07,9,,,parque-centenario
2020-06-07,,10,,parque-centenario
2020-06-07,,,17,parque-centenario
2020-06-08,12,,,parque-centenario
2020-06-08,,18,,parque-centenario
2020-06-08,,,23,parque-centenario
2020-06-09,19,,,parque-centenario
2020-06-09,,39,,parque-centenario
2020-06-09,,,49,parque-centenario
2020-06-10,18,,,parque-centenario
2020-06-10,,28,,parque-centenario
2020-06-10,,,31,parque-centenario
2020-06-11,19,,,parque-centenario
2020-06-11,,20,,parque-centenario
2020-06-11,,,17,parque-centenario
2020-06-12,10,,,parque-centenario
2020-06-12,,27,,parque-centenario
2020-06-12,,,17,parque-centenario
2020-06-13,5,,,parque-centenario
2020-06-13,,10,,parque-centenario
2020-06-13,,,23,parque-centenario
2020-06-14,23,,,parque-centenario
2020-06-14,,19,,parque-centenario
2020-06-14,,,21,parque-centenario
2020-06-15,9,,,parque-centenario
2020-06-15,,13,,parque-centenario
2020-06-15,,,18,parque-centenario
2020-06-16,8,,,parque-centenario
2020-06-16,,15,,parque-centenario
2020-06-16,,,26,parque-centenario
2020-06-17,7,,,parque-centenario
2020-06-17,,14,,parque-centenario
2020-06-17,,,17,parque-centenario
2020-06-18,7,,,parque-centenario
2020-06-18,,12,,parque-centenario
2020-06-18,,,24,parque-centenario
2020-06-19,18,,,parque-centenario
2020-06-19,,18,,parque-centenario
2020-06-19,,,22,parque-centenario
2020-06-20,16,,,parque-centenario
2020-06-20,,16,,parque-centenario
2020-06-20,,,19,parque-centenario
2020-06-21,7,,,parque-centenario
2020-06-21,,11,,parque-centenario
2020-06-21,,,17,parque-centenario
2020-06-22,15,,,parque-centenario
2020-06-22,,16,,parque-centenario
2020-06-22,,,17,parque-centenario
2020-06-23,12,,,parque-centenario
2020-06-23,,16,,parque-centenario
2020-06-23,,,17,parque-centenario
2020-06-24,12,,,parque-centenario
2020-06-24,,19,,parque-centenario
2020-06-24,,,16,parque-centenario
2020-06-25,10,,,parque-centenario
2020-06-25,,s/d,,parque-centenario
2020-06-25,,,23,parque-centenario
2020-06-26,22,,,parque-centenario
2020-06-26,,23,,parque-centenario
2020-06-26,,,34,parque-centenario
2020-06-27,32,,,parque-centenario
2020-06-27,,25,,parque-centenario
2020-06-27,,,29,parque-centenario
2020-06-28,24,,,parque-centenario
2020-06-28,,27,,parque-centenario
2020-06-28,,,20,parque-centenario
2020-06-29,12,,,parque-centenario
2020-06-29,,14,,parque-centenario
2020-06-29,,,14,parque-centenario
2020-06-30,11,,,parque-centenario
2020-06-30,,24,,parque-centenario
2020-06-30,,,14,parque-centenario
2020-07-01,8,,,parque-centenario
2020-07-01,,15,,parque-centenario
2020-07-01,,,22,parque-centenario
2020-07-02,24,,,parque-centenario
2020-07-02,,21,,parque-centenario
2020-07-02,,,26,parque-centenario
2020-07-03,17,,,parque-centenario
2020-07-03,,21,,parque-centenario
2020-07-03,,,17,parque-centenario
2020-07-04,9,,,parque-centenario
2020-07-04,,18,,parque-centenario
2020-07-04,,,30,parque-centenario
2020-07-05,12,,,parque-centenario
2020-07-05,,10,,parque-centenario
2020-07-05,,,17,parque-centenario
2020-07-06,18,,,parque-centenario
2020-07-06,,21,,parque-centenario
2020-07-06,,,26,parque-centenario
2020-07-07,28,,,parque-centenario
2020-07-07,,20,,parque-centenario
2020-07-07,,,22,parque-centenario
2020-07-08,21,,,parque-centenario
2020-07-08,,33,,parque-centenario
2020-07-08,,,32,parque-centenario
2020-07-09,25,,,parque-centenario
2020-07-09,,12,,parque-centenario
2020-07-09,,,21,parque-centenario
2020-07-10,8,,,parque-centenario
2020-07-10,,13,,parque-centenario
2020-07-10,,,19,parque-centenario
2020-07-11,14,,,parque-centenario
2020-07-11,,23,,parque-centenario
2020-07-11,,,23,parque-centenario
2020-07-12,18,,,parque-centenario
2020-07-12,,11,,parque-centenario
2020-07-12,,,13,parque-centenario
2020-07-13,8,,,parque-centenario
2020-07-13,,13,,parque-centenario
2020-07-13,,,19,parque-centenario
2020-07-14,18,,,parque-centenario
2020-07-14,,21,,parque-centenario
2020-07-14,,,35,parque-centenario
2020-07-15,29,,,parque-centenario
2020-07-15,,24,,parque-centenario
2020-07-15,,,32,parque-centenario
2020-07-16,19,,,parque-centenario
2020-07-16,,24,,parque-centenario
2020-07-16,,,31,parque-centenario
2020-07-17,14,,,parque-centenario
2020-07-17,,16,,parque-centenario
2020-07-17,,,18,parque-centenario
2020-07-18,11,,,parque-centenario
2020-07-18,,26,,parque-centenario
2020-07-18,,,22,parque-centenario
2020-07-19,19,,,parque-centenario
2020-07-19,,20,,parque-centenario
2020-07-19,,,37,parque-centenario
2020-07-20,29,,,parque-centenario
2020-07-20,,27,,parque-centenario
2020-07-20,,,20,parque-centenario
2020-07-21,11,,,parque-centenario
2020-07-21,,19,,parque-centenario
2020-07-21,,,23,parque-centenario
2020-07-22,14,,,parque-centenario
2020-07-22,,22,,parque-centenario
2020-07-22,,,16,parque-centenario
2020-07-23,9,,,parque-centenario
2020-07-23,,17,,parque-centenario
2020-07-23,,,12,parque-centenario
2020-07-24,4,,,parque-centenario
2020-07-24,,12,,parque-centenario
2020-07-24,,,22,parque-centenario
2020-07-25,13,,,parque-centenario
2020-07-25,,13,,parque-centenario
2020-07-25,,,25,parque-centenario
2020-07-26,20,,,parque-centenario
2020-07-26,,11,,parque-centenario
2020-07-26,,,24,parque-centenario
2020-07-27,18,,,parque-centenario
2020-07-27,,17,,parque-centenario
2020-07-27,,,12,parque-centenario
2020-07-28,11,,,parque-centenario
2020-07-28,,16,,parque-centenario
2020-07-28,,,25,parque-centenario
2020-07-29,33,,,parque-centenario
2020-07-29,,34,,parque-centenario
2020-07-29,,,28,parque-centenario
2020-07-30,15,,,parque-centenario
2020-07-30,,14,,parque-centenario
2020-07-30,,,23,parque-centenario
2020-07-31,10,,,parque-centenario
2020-07-31,,21,,parque-centenario
2020-07-31,,,33,parque-centenario
2020-08-01,16,,,parque-centenario
2020-08-01,,17,,parque-centenario
2020-08-01,,,18,parque-centenario
2020-08-02,8,,,parque-centenario
2020-08-02,,12,,parque-centenario
2020-08-02,,,15,parque-centenario
2020-08-03,12,,,parque-centenario
2020-08-03,,18,,parque-centenario
2020-08-03,,,30,parque-centenario
2020-08-04,13,,,parque-centenario
2020-08-04,,15,,parque-centenario
2020-08-04,,,30,parque-centenario
2020-08-05,8,,,parque-centenario
2020-08-05,,27,,parque-centenario
2020-08-05,,,28,parque-centenario
2020-08-06,7,,,parque-centenario
2020-08-06,,14,,parque-centenario
2020-08-06,,,14,parque-centenario
2020-08-07,5,,,parque-centenario
2020-08-07,,19,,parque-centenario
2020-08-07,,,16,parque-centenario
2020-08-08,8,,,parque-centenario
2020-08-08,,13,,parque-centenario
2020-08-08,,,28,parque-centenario
2020-08-09,12,,,parque-centenario
2020-08-09,,9,,parque-centenario
2020-08-09,,,14,parque-centenario
2020-08-10,15,,,parque-centenario
2020-08-10,,11,,parque-centenario
2020-08-10,,,12,parque-centenario
2020-08-11,7,,,parque-centenario
2020-08-11,,17,,parque-centenario
2020-08-11,,,29,parque-centenario
2020-08-12,33,,,parque-centenario
2020-08-12,,26,,parque-centenario
2020-08-12,,,41,parque-centenario
2020-08-13,18,,,parque-centenario
2020-08-13,,34,,parque-centenario
2020-08-13,,,51,parque-centenario
2020-08-14,25,,,parque-centenario
2020-08-14,,18,,parque-centenario
2020-08-14,,,25,parque-centenario
2020-08-15,10,,,parque-centenario
2020-08-15,,11,,parque-centenario
2020-08-15,,,13,parque-centenario
2020-08-16,18,,,parque-centenario
2020-08-16,,12,,parque-centenario
2020-08-16,,,23,parque-centenario
2020-08-17,14,,,parque-centenario
2020-08-17,,10,,parque-centenario
2020-08-17,,,30,parque-centenario
2020-08-18,22,,,parque-centenario
2020-08-18,,30,,parque-centenario
2020-08-18,,,20,parque-centenario
2020-08-19,9,,,parque-centenario
2020-08-19,,15,,parque-centenario
2020-08-19,,,20,parque-centenario
2020-08-20,18,,,parque-centenario
2020-08-20,,16,,parque-centenario
2020-08-20,,,26,parque-centenario
2020-08-21,25,,,parque-centenario
2020-08-21,,20,,parque-centenario
2020-08-21,,,39,parque-centenario
2020-08-22,20,,,parque-centenario
2020-08-22,,16,,parque-centenario
2020-08-22,,,22,parque-centenario
2020-08-23,7,,,parque-centenario
2020-08-23,,7,,parque-centenario
2020-08-23,,,19,parque-centenario
2020-08-24,9,,,parque-centenario
2020-08-24,,16,,parque-centenario
2020-08-24,,,24,parque-centenario
2020-08-25,12,,,parque-centenario
2020-08-25,,22,,parque-centenario
2020-08-25,,,20,parque-centenario
2020-08-26,14,,,parque-centenario
2020-08-26,,23,,parque-centenario
2020-08-26,,,21,parque-centenario
2020-08-27,9,,,parque-centenario
2020-08-27,,20,,parque-centenario
2020-08-27,,,26,parque-centenario
2020-08-28,14,,,parque-centenario
2020-08-28,,19,,parque-centenario
2020-08-28,,,33,parque-centenario
2020-08-29,25,,,parque-centenario
2020-08-29,,17,,parque-centenario
2020-08-29,,,13,parque-centenario
2020-08-30,10,,,parque-centenario
2020-08-30,,9,,parque-centenario
2020-08-30,,,23,parque-centenario
2020-08-31,25,,,parque-centenario
2020-08-31,,24,,parque-centenario
2020-08-31,,,17,parque-centenario
2020-09-01,15,,,parque-centenario
2020-09-01,,17,,parque-centenario
2020-09-01,,,13,parque-centenario
2020-09-02,9,,,parque-centenario
2020-09-02,,18,,parque-centenario
2020-09-02,,,16,parque-centenario
2020-09-03,8,,,parque-centenario
2020-09-03,,20,,parque-centenario
2020-09-03,,,27,parque-centenario
2020-09-04,16,,,parque-centenario
2020-09-04,,17,,parque-centenario
2020-09-04,,,31,parque-centenario
2020-09-05,21,,,parque-centenario
2020-09-05,,15,,parque-centenario
2020-09-05,,,14,parque-centenario
2020-09-06,12,,,parque-centenario
2020-09-06,,8,,parque-centenario
2020-09-06,,,14,parque-centenario
2020-09-07,24,,,parque-centenario
2020-09-07,,14,,parque-centenario
2020-09-07,,,17,parque-centenario
2020-09-08,10,,,parque-centenario
2020-09-08,,27,,parque-centenario
2020-09-08,,,34,parque-centenario
2020-09-09,9,,,parque-centenario
2020-09-09,,24,,parque-centenario
2020-09-09,,,26,parque-centenario
2020-09-10,19,,,parque-centenario
2020-09-10,,17,,parque-centenario
2020-09-10,,,23,parque-centenario
2020-09-11,11,,,parque-centenario
2020-09-11,,16,,parque-centenario
2020-09-11,,,19,parque-centenario
2020-09-12,22,,,parque-centenario
2020-09-12,,9,,parque-centenario
2020-09-12,,,16,parque-centenario
2020-09-13,12,,,parque-centenario
2020-09-13,,15,,parque-centenario
2020-09-13,,,15,parque-centenario
2020-09-14,11,,,parque-centenario
2020-09-14,,15,,parque-centenario
2020-09-14,,,20,parque-centenario
2020-09-15,8,,,parque-centenario
2020-09-15,,12,,parque-centenario
2020-09-15,,,25,parque-centenario
2020-09-16,24,,,parque-centenario
2020-09-16,,23,,parque-centenario
2020-09-16,,,22,parque-centenario
2020-09-17,20,,,parque-centenario
2020-09-17,,27,,parque-centenario
2020-09-17,,,32,parque-centenario
2020-09-18,16,,,parque-centenario
2020-09-18,,19,,parque-centenario
2020-09-18,,,27,parque-centenario
2020-09-19,14,,,parque-centenario
2020-09-19,,9,,parque-centenario
2020-09-19,,,19,parque-centenario
2020-09-20,20,,,parque-centenario
2020-09-20,,7,,parque-centenario
2020-09-20,,,14,parque-centenario
2020-09-21,10,,,parque-centenario
2020-09-21,,21,,parque-centenario
2020-09-21,,,20,parque-centenario
2020-09-22,8,,,parque-centenario
2020-09-22,,12,,parque-centenario
2020-09-22,,,28,parque-centenario
2020-09-23,10,,,parque-centenario
2020-09-23,,18,,parque-centenario
2020-09-23,,,23,parque-centenario
2020-09-24,17,,,parque-centenario
2020-09-24,,17,,parque-centenario
2020-09-24,,,23,parque-centenario
2020-09-25,13,,,parque-centenario
2020-09-25,,27,,parque-centenario
2020-09-25,,,19,parque-centenario
2020-09-26,12,,,parque-centenario
2020-09-26,,17,,parque-centenario
2020-09-26,,,21,parque-centenario
2020-09-27,15,,,parque-centenario
2020-09-27,,7,,parque-centenario
2020-09-27,,,10,parque-centenario
2020-09-28,9,,,parque-centenario
2020-09-28,,15,,parque-centenario
2020-09-28,,,31,parque-centenario
2020-09-29,15,,,parque-centenario
2020-09-29,,14,,parque-centenario
2020-09-29,,,19,parque-centenario
2020-09-30,15,,,parque-centenario
2020-09-30,,14,,parque-centenario
2020-09-30,,,19,parque-centenario
2020-10-01,14,,,parque-centenario
2020-10-01,,21,,parque-centenario
2020-10-01,,,18,parque-centenario
2020-10-02,6,,,parque-centenario
2020-10-02,,10,,parque-centenario
2020-10-02,,,11,parque-centenario
2020-10-03,8,,,parque-centenario
2020-10-03,,9,,parque-centenario
2020-10-03,,,10,parque-centenario
2020-10-04,5,,,parque-centenario
2020-10-04,,5,,parque-centenario
2020-10-04,,,14,parque-centenario
2020-10-05,10,,,parque-centenario
2020-10-05,,12,,parque-centenario
2020-10-05,,,23,parque-centenario
2020-10-06,15,,,parque-centenario
2020-10-06,,16,,parque-centenario
2020-10-06,,,20,parque-centenario
2020-10-07,16,,,parque-centenario
2020-10-07,,21,,parque-centenario
2020-10-07,,,25,parque-centenario
2020-10-08,13,,,parque-centenario
2020-10-08,,13,,parque-centenario
2020-10-08,,,29,parque-centenario
2020-10-09,31,,,parque-centenario
2020-10-09,,15,,parque-centenario
2020-10-09,,,19,parque-centenario
2020-10-10,15,,,parque-centenario
2020-10-10,,10,,parque-centenario
2020-10-10,,,11,parque-centenario
2020-10-11,6,,,parque-centenario
2020-10-11,,5,,parque-centenario
2020-10-11,,,7,parque-centenario
2020-10-12,4,,,parque-centenario
2020-10-12,,6,,parque-centenario
2020-10-12,,,15,parque-centenario
2020-10-13,9,,,parque-centenario
2020-10-13,,15,,parque-centenario
2020-10-13,,,18,parque-centenario
2020-10-14,15,,,parque-centenario
2020-10-14,,29,,parque-centenario
2020-10-14,,,21,parque-centenario
2020-10-15,8,,,parque-centenario
2020-10-15,,18,,parque-centenario
2020-10-15,,,20,parque-centenario
2020-10-16,8,,,parque-centenario
2020-10-16,,11,,parque-centenario
2020-10-16,,,21,parque-centenario
2020-10-17,6,,,parque-centenario
2020-10-17,,14,,parque-centenario
2020-10-17,,,17,parque-centenario
2020-10-18,8,,,parque-centenario
2020-10-18,,10,,parque-centenario
2020-10-18,,,20,parque-centenario
2020-10-19,8,,,parque-centenario
2020-10-19,,17,,parque-centenario
2020-10-19,,,13,parque-centenario
2020-10-20,7,,,parque-centenario
2020-10-20,,13,,parque-centenario
2020-10-20,,,11,parque-centenario
2020-10-21,14,,,parque-centenario
2020-10-21,,10,,parque-centenario
2020-10-21,,,11,parque-centenario
2020-10-22,4,,,parque-centenario
2020-10-22,,15,,parque-centenario
2020-10-22,,,20,parque-centenario
2020-10-23,12,,,parque-centenario
2020-10-23,,21,,parque-centenario
2020-10-23,,,25,parque-centenario
2020-10-24,12,,,parque-centenario
2020-10-24,,18,,parque-centenario
2020-10-24,,,18,parque-centenario
2020-10-25,11,,,parque-centenario
2020-10-25,,10,,parque-centenario
2020-10-25,,,14,parque-centenario
2020-10-26,7,,,parque-centenario
2020-10-26,,10,,parque-centenario
2020-10-26,,,13,parque-centenario
2020-10-27,15,,,parque-centenario
2020-10-27,,14,,parque-centenario
2020-10-27,,,16,parque-centenario
2020-10-28,16,,,parque-centenario
2020-10-28,,17,,parque-centenario
2020-10-28,,,21,parque-centenario
2020-10-29,11,,,parque-centenario
2020-10-29,,10,,parque-centenario
2020-10-29,,,14,parque-centenario
2020-10-30,14,,,parque-centenario
2020-10-30,,18,,parque-centenario
2020-10-30,,,16,parque-centenario
2020-10-31,14,,,parque-centenario
2020-10-31,,14,,parque-centenario
2020-10-31,,,12,parque-centenario
2020-11-01,7,,,parque-centenario
2020-11-01,,6,,parque-centenario
2020-11-01,,,10,parque-centenario
2020-11-02,11,,,parque-centenario
2020-11-02,,12,,parque-centenario
2020-11-02,,,13,parque-centenario
2020-11-03,10,,,parque-centenario
2020-11-03,,10,,parque-centenario
2020-11-03,,,11,parque-centenario
2020-11-04,6,,,parque-centenario
2020-11-04,,10,,parque-centenario
2020-11-04,,,17,parque-centenario
2020-11-05,4,,,parque-centenario
2020-11-05,,9,,parque-centenario
2020-11-05,,,17,parque-centenario
2020-11-06,7,,,parque-centenario
2020-11-06,,14,,parque-centenario
2020-11-06,,,16,parque-centenario
2020-11-07,11,,,parque-centenario
2020-11-07,,10,,parque-centenario
2020-11-07,,,12,parque-centenario
2020-11-08,8,,,parque-centenario
2020-11-08,,6,,parque-centenario
2020-11-08,,,9,parque-centenario
2020-11-09,7,,,parque-centenario
2020-11-09,,11,,parque-centenario
2020-11-09,,,13,parque-centenario
2020-11-10,8,,,parque-centenario
2020-11-10,,10,,parque-centenario
2020-11-10,,,14,parque-centenario
2020-11-11,10,,,parque-centenario
2020-11-11,,14,,parque-centenario
2020-11-11,,,14,parque-centenario
2020-11-12,7,,,parque-centenario
2020-11-12,,15,,parque-centenario
2020-11-12,,,16,parque-centenario
2020-11-13,8,,,parque-centenario
2020-11-13,,13,,parque-centenario
2020-11-13,,,22,parque-centenario
2020-11-14,10,,,parque-centenario
2020-11-14,,20,,parque-centenario
2020-11-14,,,22,parque-centenario
2020-11-15,6,,,parque-centenario
2020-11-15,,6,,parque-centenario
2020-11-15,,,12,parque-centenario
2020-11-16,20,,,parque-centenario
2020-11-16,,24,,parque-centenario
2020-11-16,,,16,parque-centenario
2020-11-17,9,,,parque-centenario
2020-11-17,,19,,parque-centenario
2020-11-17,,,20,parque-centenario
2020-11-18,12,,,parque-centenario
2020-11-18,,17,,parque-centenario
2020-11-18,,,14,parque-centenario
2020-11-19,16,,,parque-centenario
2020-11-19,,11,,parque-centenario
2020-11-19,,,12,parque-centenario
2020-11-20,10,,,parque-centenario
2020-11-20,,10,,parque-centenario
2020-11-20,,,11,parque-centenario
2020-11-21,5,,,parque-centenario
2020-11-21,,8,,parque-centenario
2020-11-21,,,11,parque-centenario
2020-11-22,7,,,parque-centenario
2020-11-22,,5,,parque-centenario
2020-11-22,,,8,parque-centenario
2020-11-23,6,,,parque-centenario
2020-11-23,,9,,parque-centenario
2020-11-23,,,29,parque-centenario
2020-11-24,6,,,parque-centenario
2020-11-24,,22,,parque-centenario
2020-11-24,,,12,parque-centenario
2020-11-25,14,,,parque-centenario
2020-11-25,,32,,parque-centenario
2020-11-25,,,35,parque-centenario
2020-11-26,24,,,parque-centenario
2020-11-26,,11,,parque-centenario
2020-11-26,,,18,parque-centenario
2020-11-27,8,,,parque-centenario
2020-11-27,,14,,parque-centenario
2020-11-27,,,30,parque-centenario
2020-11-28,7,,,parque-centenario
2020-11-28,,17,,parque-centenario
2020-11-28,,,18,parque-centenario
2020-11-29,12,,,parque-centenario
2020-11-29,,7,,parque-centenario
2020-11-29,,,9,parque-centenario
2020-11-30,5,,,parque-centenario
2020-11-30,,11,,parque-centenario
2020-11-30,,,10,parque-centenario
2020-12-01,6,,,parque-centenario
2020-12-01,,10,,parque-centenario
2020-12-01,,,20,parque-centenario
2020-12-02,14,,,parque-centenario
2020-12-02,,21,,parque-centenario
2020-12-02,,,22,parque-centenario
2020-12-03,12,,,parque-centenario
2020-12-03,,19,,parque-centenario
2020-12-03,,,25,parque-centenario
2020-12-04,9,,,parque-centenario
2020-12-04,,9,,parque-centenario
2020-12-04,,,13,parque-centenario
2020-12-05,9,,,parque-centenario
2020-12-05,,9,,parque-centenario
2020-12-05,,,8,parque-centenario
2020-12-06,5,,,parque-centenario
2020-12-06,,4,,parque-centenario
2020-12-06,,,8,parque-centenario
2020-12-07,5,,,parque-centenario
2020-12-07,,4,,parque-centenario
2020-12-07,,,9,parque-centenario
2020-12-08,5,,,parque-centenario
2020-12-08,,5,,parque-centenario
2020-12-08,,,10,parque-centenario
2020-12-09,11,,,parque-centenario
2020-12-09,,13,,parque-centenario
2020-12-09,,,36,parque-centenario
2020-12-10,17,,,parque-centenario
2020-12-10,,20,,parque-centenario
2020-12-10,,,22,parque-centenario
2020-12-11,11,,,parque-centenario
2020-12-11,,21,,parque-centenario
2020-12-11,,,35,parque-centenario
2020-12-12,37,,,parque-centenario
2020-12-12,,19,,parque-centenario
2020-12-12,,,29,parque-centenario
2020-12-13,9,,,parque-centenario
2020-12-13,,10,,parque-centenario
2020-12-13,,,18,parque-centenario
2020-12-14,16,,,parque-centenario
2020-12-14,,19,,parque-centenario
2020-12-14,,,25,parque-centenario
2020-12-15,18,,,parque-centenario
2020-12-15,,18,,parque-centenario
2020-12-15,,,13,parque-centenario
2020-12-16,7,,,parque-centenario
2020-12-16,,17,,parque-centenario
2020-12-16,,,19,parque-centenario
2020-12-17,12,,,parque-centenario
2020-12-17,,10,,parque-centenario
2020-12-17,,,22,parque-centenario
2020-12-18,20,,,parque-centenario
2020-12-18,,17,,parque-centenario
2020-12-18,,,22,parque-centenario
2020-12-19,11,,,parque-centenario
2020-12-19,,7,,parque-centenario
2020-12-19,,,4,parque-centenario
2020-12-20,1,,,parque-centenario
2020-12-20,,2,,parque-centenario
2020-12-20,,,10,parque-centenario
2020-12-21,12,,,parque-centenario
2020-12-21,,18,,parque-centenario
2020-12-21,,,24,parque-centenario
2020-12-22,9,,,parque-centenario
2020-12-22,,18,,parque-centenario
2020-12-22,,,22,parque-centenario
2020-12-23,7,,,parque-centenario
2020-12-23,,13,,parque-centenario
2020-12-23,,,18,parque-centenario
2020-12-24,9,,,parque-centenario
2020-12-24,,7,,parque-centenario
2020-12-24,,,9,parque-centenario
2020-12-25,6,,,parque-centenario
2020-12-25,,2,,parque-centenario
2020-12-25,,,7,parque-centenario
2020-12-26,5,,,parque-centenario
2020-12-26,,4,,parque-centenario
2020-12-26,,,4,parque-centenario
2020-12-27,2,,,parque-centenario
2020-12-27,,1,,parque-centenario
2020-12-27,,,9,parque-centenario
2020-12-28,6,,,parque-centenario
2020-12-28,,11,,parque-centenario
2020-12-28,,,9,parque-centenario
2020-12-29,8,,,parque-centenario
2020-12-29,,29,,parque-centenario
2020-12-29,,,33,parque-centenario
2020-12-30,23,,,parque-centenario
2020-12-30,,17,,parque-centenario
2020-12-30,,,13,parque-centenario
2020-12-31,8,,,parque-centenario
2020-12-31,,10,,parque-centenario
2020-12-31,,,14,parque-centenario
2020-03-01,14,,,cordoba
2020-03-01,,14,,cordoba
2020-03-01,,,17,cordoba
2020-03-02,10,,,cordoba
2020-03-02,,13,,cordoba
2020-03-02,,,21,cordoba
2020-03-03,11,,,cordoba
2020-03-03,,15,,cordoba
2020-03-03,,,16,cordoba
2020-03-04,9,,,cordoba
2020-03-04,,17,,cordoba
2020-03-04,,,14,cordoba
2020-03-05,8,,,cordoba
2020-03-05,,13,,cordoba
2020-03-05,,,14,cordoba
2020-03-06,9,,,cordoba
2020-03-06,,13,,cordoba
2020-03-06,,,17,cordoba
2020-03-07,10,,,cordoba
2020-03-07,,7,,cordoba
2020-03-07,,,17,cordoba
2020-03-08,8,,,cordoba
2020-03-08,,8,,cordoba
2020-03-08,,,26,cordoba
2020-03-09,17,,,cordoba
2020-03-09,,15,,cordoba
2020-03-09,,,15,cordoba
2020-03-10,7,,,cordoba
2020-03-10,,16,,cordoba
2020-03-10,,,13,cordoba
2020-03-11,8,,,cordoba
2020-03-11,,16,,cordoba
2020-03-11,,,16,cordoba
2020-03-12,19,,,cordoba
2020-03-12,,36,,cordoba
2020-03-12,,,36,cordoba
2020-03-13,15,,,cordoba
2020-03-13,,20,,cordoba
2020-03-13,,,24,cordoba
2020-03-14,11,,,cordoba
2020-03-14,,16,,cordoba
2020-03-14,,,17,cordoba
2020-03-15,12,,,cordoba
2020-03-15,,12,,cordoba
2020-03-15,,,11,cordoba
2020-03-16,16,,,cordoba
2020-03-16,,13,,cordoba
2020-03-16,,,16,cordoba
2020-03-17,s/d,,,cordoba
2020-03-17,,s/d,,cordoba
2020-03-17,,,s/d,cordoba
2020-03-18,s/d,,,cordoba
2020-03-18,,s/d,,cordoba
2020-03-18,,,22,cordoba
2020-03-19,14,,,cordoba
2020-03-19,,17,,cordoba
2020-03-19,,,21,cordoba
2020-03-20,20,,,cordoba
2020-03-20,,11,,cordoba
2020-03-20,,,15,cordoba
2020-03-21,10,,,cordoba
2020-03-21,,8,,cordoba
2020-03-21,,,11,cordoba
2020-03-22,8,,,cordoba
2020-03-22,,12,,cordoba
2020-03-22,,,12,cordoba
2020-03-23,6,,,cordoba
2020-03-23,,4,,cordoba
2020-03-23,,,7,cordoba
2020-03-24,7,,,cordoba
2020-03-24,,9,,cordoba
2020-03-24,,,12,cordoba
2020-03-25,6,,,cordoba
2020-03-25,,10,,cordoba
2020-03-25,,,9,cordoba
2020-03-26,8,,,cordoba
2020-03-26,,8,,cordoba
2020-03-26,,,6,cordoba
2020-03-27,5,,,cordoba
2020-03-27,,7,,cordoba
2020-03-27,,,9,cordoba
2020-03-28,6,,,cordoba
2020-03-28,,7,,cordoba
2020-03-28,,,9,cordoba
2020-03-29,4,,,cordoba
2020-03-29,,8,,cordoba
2020-03-29,,,13,cordoba
2020-03-30,8,,,cordoba
2020-03-30,,6,,cordoba
2020-03-30,,,5,cordoba
2020-03-31,3,,,cordoba
2020-03-31,,4,,cordoba
2020-03-31,,,4,cordoba
2020-04-01,3,,,cordoba
2020-04-01,,7,,cordoba
2020-04-01,,,12,cordoba
2020-04-02,5,,,cordoba
2020-04-02,,7,,cordoba
2020-04-02,,,9,cordoba
2020-04-03,7,,,cordoba
2020-04-03,,10,,cordoba
2020-04-03,,,12,cordoba
2020-04-04,1,,,cordoba
2020-04-04,,0,,cordoba
2020-04-04,,,9,cordoba
2020-04-05,2,,,cordoba
2020-04-05,,0,,cordoba
2020-04-05,,,10,cordoba
2020-04-06,9,,,cordoba
2020-04-06,,7,,cordoba
2020-04-06,,,10,cordoba
2020-04-07,7,,,cordoba
2020-04-07,,11,,cordoba
2020-04-07,,,19,cordoba
2020-04-08,16,,,cordoba
2020-04-08,,18,,cordoba
2020-04-08,,,15,cordoba
2020-04-09,22,,,cordoba
2020-04-09,,15,,cordoba
2020-04-09,,,7,cordoba
2020-04-10,21,,,cordoba
2020-04-10,,7,,cordoba
2020-04-10,,,3,cordoba
2020-04-11,1,,,cordoba
2020-04-11,,0,,cordoba
2020-04-11,,,8,cordoba
2020-04-12,7,,,cordoba
2020-04-12,,2,,cordoba
2020-04-12,,,11,cordoba
2020-04-13,6,,,cordoba
2020-04-13,,24,,cordoba
2020-04-13,,,18,cordoba
2020-04-14,5,,,cordoba
2020-04-14,,14,,cordoba
2020-04-14,,,17,cordoba
2020-04-15,6,,,cordoba
2020-04-15,,17,,cordoba
2020-04-15,,,29,cordoba
2020-04-16,22,,,cordoba
2020-04-16,,31,,cordoba
2020-04-16,,,34,cordoba
2020-04-17,18,,,cordoba
2020-04-17,,10,,cordoba
2020-04-17,,,30,cordoba
2020-04-18,8,,,cordoba
2020-04-18,,1,,cordoba
2020-04-18,,,18,cordoba
2020-04-19,1,,,cordoba
2020-04-19,,2,,cordoba
2020-04-19,,,35,cordoba
2020-04-20,26,,,cordoba
2020-04-20,,23,,cordoba
2020-04-20,,,36,cordoba
2020-04-21,20,,,cordoba
2020-04-21,,13,,cordoba
2020-04-21,,,14,cordoba
2020-04-22,15,,,cordoba
2020-04-22,,19,,cordoba
2020-04-22,,,14,cordoba
2020-04-23,11,,,cordoba
2020-04-23,,21,,cordoba
2020-04-23,,,18,cordoba
2020-04-24,16,,,cordoba
2020-04-24,,30,,cordoba
2020-04-24,,,22,cordoba
2020-04-25,18,,,cordoba
2020-04-25,,23,,cordoba
2020-04-25,,,14,cordoba
2020-04-26,8,,,cordoba
2020-04-26,,4,,cordoba
2020-04-26,,,6,cordoba
2020-04-27,4,,,cordoba
2020-04-27,,17,,cordoba
2020-04-27,,,18,cordoba
2020-04-28,6,,,cordoba
2020-04-28,,17,,cordoba
2020-04-28,,,25,cordoba
2020-04-29,10,,,cordoba
2020-04-29,,19,,cordoba
2020-04-29,,,27,cordoba
2020-04-30,19,,,cordoba
2020-04-30,,30,,cordoba
2020-04-30,,,48,cordoba
2020-05-01,40,,,cordoba
2020-05-01,,16,,cordoba
2020-05-01,,,24,cordoba
2020-05-02,18,,,cordoba
2020-05-02,,21,,cordoba
2020-05-02,,,13,cordoba
2020-05-03,7,,,cordoba
2020-05-03,,6,,cordoba
2020-05-03,,,28,cordoba
2020-05-04,14,,,cordoba
2020-05-04,,29,,cordoba
2020-05-04,,,23,cordoba
2020-05-05,10,,,cordoba
2020-05-05,,18,,cordoba
2020-05-05,,,22,cordoba
2020-05-06,12,,,cordoba
2020-05-06,,22,,cordoba
2020-05-06,,,34,cordoba
2020-05-07,26,,,cordoba
2020-05-07,,26,,cordoba
2020-05-07,,,30,cordoba
2020-05-08,17,,,cordoba
2020-05-08,,15,,cordoba
2020-05-08,,,13,cordoba
2020-05-09,6,,,cordoba
2020-05-09,,8,,cordoba
2020-05-09,,,14,cordoba
2020-05-10,10,,,cordoba
2020-05-10,,8,,cordoba
2020-05-10,,,46,cordoba
2020-05-11,16,,,cordoba
2020-05-11,,29,,cordoba
2020-05-11,,,37,cordoba
2020-05-12,30,,,cordoba
2020-05-12,,31,,cordoba
2020-05-12,,,36,cordoba
2020-05-13,42,,,cordoba
2020-05-13,,41,,cordoba
2020-05-13,,,27,cordoba
2020-05-14,21,,,cordoba
2020-05-14,,36,,cordoba
2020-05-14,,,26,cordoba
2020-05-15,13,,,cordoba
2020-05-15,,27,,cordoba
2020-05-15,,,35,cordoba
2020-05-16,18,,,cordoba
2020-05-16,,26,,cordoba
2020-05-16,,,27,cordoba
2020-05-17,15,,,cordoba
2020-05-17,,25,,cordoba
2020-05-17,,,28,cordoba
2020-05-18,10,,,cordoba
2020-05-18,,27,,cordoba
2020-05-18,,,32,cordoba
2020-05-19,10,,,cordoba
2020-05-19,,20,,cordoba
2020-05-19,,,38,cordoba
2020-05-20,13,,,cordoba
2020-05-20,,30,,cordoba
2020-05-20,,,52,cordoba
2020-05-21,19,,,cordoba
2020-05-21,,32,,cordoba
2020-05-21,,,25,cordoba
2020-05-22,12,,,cordoba
2020-05-22,,32,,cordoba
2020-05-22,,,28,cordoba
2020-05-23,13,,,cordoba
2020-05-23,,24,,cordoba
2020-05-23,,,35,cordoba
2020-05-24,24,,,cordoba
2020-05-24,,15,,cordoba
2020-05-24,,,18,cordoba
2020-05-25,8,,,cordoba
2020-05-25,,10,,cordoba
2020-05-25,,,14,cordoba
2020-05-26,15,,,cordoba
2020-05-26,,35,,cordoba
2020-05-26,,,38,cordoba
2020-05-27,14,,,cordoba
2020-05-27,,14,,cordoba
2020-05-27,,,18,cordoba
2020-05-28,11,,,cordoba
2020-05-28,,23,,cordoba
2020-05-28,,,32,cordoba
2020-05-29,23,,,cordoba
2020-05-29,,30,,cordoba
2020-05-29,,,30,cordoba
2020-05-30,29,,,cordoba
2020-05-30,,18,,cordoba
2020-05-30,,,14,cordoba
2020-05-31,3,,,cordoba
2020-05-31,,7,,cordoba
2020-05-31,,,17,cordoba
2020-06-01,12,,,cordoba
2020-06-01,,29,,cordoba
2020-06-01,,,40,cordoba
2020-06-02,41,,,cordoba
2020-06-02,,18,,cordoba
2020-06-02,,,28,cordoba
2020-06-03,19,,,cordoba
2020-06-03,,s/d,,cordoba
2020-06-03,,,46,cordoba
2020-06-04,20,,,cordoba
2020-06-04,,38,,cordoba
2020-06-04,,,42,cordoba
2020-06-05,26,,,cordoba
2020-06-05,,36,,cordoba
2020-06-05,,,35,cordoba
2020-06-06,13,,,cordoba
2020-06-06,,19,,cordoba
2020-06-06,,,20,cordoba
2020-06-07,18,,,cordoba
2020-06-07,,22,,cordoba
2020-06-07,,,31,cordoba
2020-06-08,22,,,cordoba
2020-06-08,,33,,cordoba
2020-06-08,,,40,cordoba
2020-06-09,29,,,cordoba
2020-06-09,,60,,cordoba
2020-06-09,,,64,cordoba
2020-06-10,21,,,cordoba
2020-06-10,,28,,cordoba
2020-06-10,,,43,cordoba
2020-06-11,22,,,cordoba
2020-06-11,,22,,cordoba
2020-06-11,,,20,cordoba
2020-06-12,19,,,cordoba
2020-06-12,,44,,cordoba
2020-06-12,,,26,cordoba
2020-06-13,9,,,cordoba
2020-06-13,,14,,cordoba
2020-06-13,,,28,cordoba
2020-06-14,30,,,cordoba
2020-06-14,,18,,cordoba
2020-06-14,,,24,cordoba
2020-06-15,10,,,cordoba
2020-06-15,,15,,cordoba
2020-06-15,,,21,cordoba
2020-06-16,13,,,cordoba
2020-06-16,,25,,cordoba
2020-06-16,,,32,cordoba
2020-06-17,17,,,cordoba
2020-06-17,,17,,cordoba
2020-06-17,,,19,cordoba
2020-06-18,15,,,cordoba
2020-06-18,,42,,cordoba
2020-06-18,,,52,cordoba
2020-06-19,40,,,cordoba
2020-06-19,,43,,cordoba
2020-06-19,,,47,cordoba
2020-06-20,48,,,cordoba
2020-06-20,,39,,cordoba
2020-06-20,,,36,cordoba
2020-06-21,28,,,cordoba
2020-06-21,,37,,cordoba
2020-06-21,,,45,cordoba
2020-06-22,38,,,cordoba
2020-06-22,,39,,cordoba
2020-06-22,,,38,cordoba
2020-06-23,39,,,cordoba
2020-06-23,,51,,cordoba
2020-06-23,,,47,cordoba
2020-06-24,36,,,cordoba
2020-06-24,,56,,cordoba
2020-06-24,,,50,cordoba
2020-06-25,35,,,cordoba
2020-06-25,,46,,cordoba
2020-06-25,,,55,cordoba
2020-06-26,48,,,cordoba
2020-06-26,,58,,cordoba
2020-06-26,,,67,cordoba
2020-06-27,63,,,cordoba
2020-06-27,,62,,cordoba
2020-06-27,,,51,cordoba
2020-06-28,50,,,cordoba
2020-06-28,,49,,cordoba
2020-06-28,,,43,cordoba
2020-06-29,31,,,cordoba
2020-06-29,,38,,cordoba
2020-06-29,,,38,cordoba
2020-06-30,32,,,cordoba
2020-06-30,,57,,cordoba
2020-06-30,,,45,cordoba
2020-07-01,30,,,cordoba
2020-07-01,,46,,cordoba
2020-07-01,,,50,cordoba
2020-07-02,48,,,cordoba
2020-07-02,,50,,cordoba
2020-07-02,,,46,cordoba
2020-07-03,38,,,cordoba
2020-07-03,,40,,cordoba
2020-07-03,,,34,cordoba
2020-07-04,25,,,cordoba
2020-07-04,,38,,cordoba
2020-07-04,,,48,cordoba
2020-07-05,37,,,cordoba
2020-07-05,,36,,cordoba
2020-07-05,,,42,cordoba
2020-07-06,41,,,cordoba
2020-07-06,,55,,cordoba
2020-07-06,,,13,cordoba
2020-07-07,7,,,cordoba
2020-07-07,,7,,cordoba
2020-07-07,,,5,cordoba
2020-07-08,8,,,cordoba
2020-07-08,,23,,cordoba
2020-07-08,,,22,cordoba
2020-07-09,s/d,,,cordoba
2020-07-09,,s/d,,cordoba
2020-07-09,,,s/d,cordoba
2020-07-10,s/d,,,cordoba
2020-07-10,,s/d,,cordoba
2020-07-10,,,s/d,cordoba
2020-07-11,s/d,,,cordoba
2020-07-11,,s/d,,cordoba
2020-07-11,,,s/d,cordoba
2020-07-12,s/d,,,cordoba
2020-07-12,,s/d,,cordoba
2020-07-12,,,s/d,cordoba
2020-07-13,s/d,,,cordoba
2020-07-13,,s/d,,cordoba
2020-07-13,,,s/d,cordoba
2020-07-14,s/d,,,cordoba
2020-07-14,,53,,cordoba
2020-07-14,,,59,cordoba
2020-07-15,44,,,cordoba
2020-07-15,,39,,cordoba
2020-07-15,,,54,cordoba
2020-07-16,35,,,cordoba
2020-07-16,,46,,cordoba
2020-07-16,,,55,cordoba
2020-07-17,34,,,cordoba
2020-07-17,,41,,cordoba
2020-07-17,,,38,cordoba
2020-07-18,33,,,cordoba
2020-07-18,,47,,cordoba
2020-07-18,,,44,cordoba
2020-07-19,34,,,cordoba
2020-07-19,,41,,cordoba
2020-07-19,,,62,cordoba
2020-07-20,63,,,cordoba
2020-07-20,,62,,cordoba
2020-07-20,,,55,cordoba
2020-07-21,38,,,cordoba
2020-07-21,,55,,cordoba
2020-07-21,,,59,cordoba
2020-07-22,46,,,cordoba
2020-07-22,,65,,cordoba
2020-07-22,,,53,cordoba
2020-07-23,42,,,cordoba
2020-07-23,,56,,cordoba
2020-07-23,,,49,cordoba
2020-07-24,32,,,cordoba
2020-07-24,,47,,cordoba
2020-07-24,,,56,cordoba
2020-07-25,42,,,cordoba
2020-07-25,,45,,cordoba
2020-07-25,,,58,cordoba
2020-07-26,40,,,cordoba
2020-07-26,,32,,cordoba
2020-07-26,,,43,cordoba
2020-07-27,45,,,cordoba
2020-07-27,,55,,cordoba
2020-07-27,,,46,cordoba
2020-07-28,40,,,cordoba
2020-07-28,,54,,cordoba
2020-07-28,,,62,cordoba
2020-07-29,68,,,cordoba
2020-07-29,,61,,cordoba
2020-07-29,,,59,cordoba
2020-07-30,42,,,cordoba
2020-07-30,,44,,cordoba
2020-07-30,,,48,cordoba
2020-07-31,37,,,cordoba
2020-07-31,,48,,cordoba
2020-07-31,,,64,cordoba
2020-08-01,39,,,cordoba
2020-08-01,,46,,cordoba
2020-08-01,,,49,cordoba
2020-08-02,34,,,cordoba
2020-08-02,,48,,cordoba
2020-08-02,,,50,cordoba
2020-08-03,34,,,cordoba
2020-08-03,,48,,cordoba
2020-08-03,,,61,cordoba
2020-08-04,36,,,cordoba
2020-08-04,,47,,cordoba
2020-08-04,,,66,cordoba
2020-08-05,36,,,cordoba
2020-08-05,,51,,cordoba
2020-08-05,,,50,cordoba
2020-08-06,41,,,cordoba
2020-08-06,,51,,cordoba
2020-08-06,,,34,cordoba
2020-08-07,19,,,cordoba
2020-08-07,,39,,cordoba
2020-08-07,,,28,cordoba
2020-08-08,20,,,cordoba
2020-08-08,,30,,cordoba
2020-08-08,,,53,cordoba
2020-08-09,32,,,cordoba
2020-08-09,,24,,cordoba
2020-08-09,,,30,cordoba
2020-08-10,38,,,cordoba
2020-08-10,,38,,cordoba
2020-08-10,,,35,cordoba
2020-08-11,24,,,cordoba
2020-08-11,,42,,cordoba
2020-08-11,,,49,cordoba
2020-08-12,54,,,cordoba
2020-08-12,,36,,cordoba
2020-08-12,,,54,cordoba
2020-08-13,28,,,cordoba
2020-08-13,,54,,cordoba
2020-08-13,,,64,cordoba
2020-08-14,25,,,cordoba
2020-08-14,,39,,cordoba
2020-08-14,,,s/d,cordoba
2020-08-15,s/d,,,cordoba
2020-08-15,,s/d,,cordoba
2020-08-15,,,s/d,cordoba
2020-08-16,s/d,,,cordoba
2020-08-16,,s/d,,cordoba
2020-08-16,,,45,cordoba
2020-08-17,28,,,cordoba
2020-08-17,,18,,cordoba
2020-08-17,,,37,cordoba
2020-08-18,28,,,cordoba
2020-08-18,,55,,cordoba
2020-08-18,,,46,cordoba
2020-08-19,22,,,cordoba
2020-08-19,,38,,cordoba
2020-08-19,,,44,cordoba
2020-08-20,31,,,cordoba
2020-08-20,,41,,cordoba
2020-08-20,,,48,cordoba
2020-08-21,39,,,cordoba
2020-08-21,,41,,cordoba
2020-08-21,,,41,cordoba
2020-08-22,13,,,cordoba
2020-08-22,,17,,cordoba
2020-08-22,,,26,cordoba
2020-08-23,9,,,cordoba
2020-08-23,,13,,cordoba
2020-08-23,,,22,cordoba
2020-08-24,11,,,cordoba
2020-08-24,,26,,cordoba
2020-08-24,,,25,cordoba
2020-08-25,15,,,cordoba
2020-08-25,,26,,cordoba
2020-08-25,,,19,cordoba
2020-08-26,15,,,cordoba
2020-08-26,,34,,cordoba
2020-08-26,,,34,cordoba
2020-08-27,18,,,cordoba
2020-08-27,,33,,cordoba
2020-08-27,,,23,cordoba
2020-08-28,13,,,cordoba
2020-08-28,,29,,cordoba
2020-08-28,,,38,cordoba
2020-08-29,38,,,cordoba
2020-08-29,,32,,cordoba
2020-08-29,,,22,cordoba
2020-08-30,12,,,cordoba
2020-08-30,,11,,cordoba
2020-08-30,,,26,cordoba
2020-08-31,29,,,cordoba
2020-08-31,,40,,cordoba
2020-08-31,,,17,cordoba
2020-09-01,16,,,cordoba
2020-09-01,,21,,cordoba
2020-09-01,,,13,cordoba
2020-09-02,4,,,cordoba
2020-09-02,,21,,cordoba
2020-09-02,,,25,cordoba
2020-09-03,11,,,cordoba
2020-09-03,,33,,cordoba
2020-09-03,,,s/d,cordoba
2020-09-04,11,,,cordoba
2020-09-04,,15,,cordoba
2020-09-04,,,17,cordoba
2020-09-05,9,,,cordoba
2020-09-05,,5,,cordoba
2020-09-05,,,3,cordoba
2020-09-06,2,,,cordoba
2020-09-06,,1,,cordoba
2020-09-06,,,4,cordoba
2020-09-07,9,,,cordoba
2020-09-07,,8,,cordoba
2020-09-07,,,5,cordoba
2020-09-08,2,,,cordoba
2020-09-08,,5,,cordoba
2020-09-08,,,7,cordoba
2020-09-09,3,,,cordoba
2020-09-09,,8,,cordoba
2020-09-09,,,11,cordoba
2020-09-10,8,,,cordoba
2020-09-10,,6,,cordoba
2020-09-10,,,7,cordoba
2020-09-11,2,,,cordoba
2020-09-11,,8,,cordoba
2020-09-11,,,7,cordoba
2020-09-12,7,,,cordoba
2020-09-12,,1,,cordoba
2020-09-12,,,4,cordoba
2020-09-13,3,,,cordoba
2020-09-13,,3,,cordoba
2020-09-13,,,5,cordoba
2020-09-14,3,,,cordoba
2020-09-14,,6,,cordoba
2020-09-14,,,6,cordoba
2020-09-15,1,,,cordoba
2020-09-15,,1,,cordoba
2020-09-15,,,6,cordoba
2020-09-16,5,,,cordoba
2020-09-16,,s/d,,cordoba
2020-09-16,,,14,cordoba
2020-09-17,8,,,cordoba
2020-09-17,,18,,cordoba
2020-09-17,,,18,cordoba
2020-09-18,10,,,cordoba
2020-09-18,,16,,cordoba
2020-09-18,,,15,cordoba
2020-09-19,10,,,cordoba
2020-09-19,,6,,cordoba
2020-09-19,,,12,cordoba
2020-09-20,10,,,cordoba
2020-09-20,,2,,cordoba
2020-09-20,,,8,cordoba
2020-09-21,5,,,cordoba
2020-09-21,,13,,cordoba
2020-09-21,,,10,cordoba
2020-09-22,2,,,cordoba
2020-09-22,,4,,cordoba
2020-09-22,,,12,cordoba
2020-09-23,3,,,cordoba
2020-09-23,,6,,cordoba
2020-09-23,,,11,cordoba
2020-09-24,6,,,cordoba
2020-09-24,,7,,cordoba
2020-09-24,,,5,cordoba
2020-09-25,4,,,cordoba
2020-09-25,,10,,cordoba
2020-09-25,,,8,cordoba
2020-09-26,2,,,cordoba
2020-09-26,,5,,cordoba
2020-09-26,,,8,cordoba
2020-09-27,6,,,cordoba
2020-09-27,,2,,cordoba
2020-09-27,,,4,cordoba
2020-09-28,3,,,cordoba
2020-09-28,,7,,cordoba
2020-09-28,,,12,cordoba
2020-09-29,2,,,cordoba
2020-09-29,,2,,cordoba
2020-09-29,,,7,cordoba
2020-09-30,2,,,cordoba
2020-09-30,,6,,cordoba
2020-09-30,,,13,cordoba
2020-10-01,7,,,cordoba
2020-10-01,,12,,cordoba
2020-10-01,,,8,cordoba
2020-10-02,2,,,cordoba
2020-10-02,,20,,cordoba
2020-10-02,,,27,cordoba
2020-10-03,23,,,cordoba
2020-10-03,,24,,cordoba
2020-10-03,,,20,cordoba
2020-10-04,15,,,cordoba
2020-10-04,,16,,cordoba
2020-10-04,,,25,cordoba
2020-10-05,24,,,cordoba
2020-10-05,,33,,cordoba
2020-10-05,,,37,cordoba
2020-10-06,21,,,cordoba
2020-10-06,,s/d,,cordoba
2020-10-06,,,36,cordoba
2020-10-07,23,,,cordoba
2020-10-07,,35,,cordoba
2020-10-07,,,49,cordoba
2020-10-08,24,,,cordoba
2020-10-08,,26,,cordoba
2020-10-08,,,39,cordoba
2020-10-09,43,,,cordoba
2020-10-09,,36,,cordoba
2020-10-09,,,38,cordoba
2020-10-10,28,,,cordoba
2020-10-10,,21,,cordoba
2020-10-10,,,24,cordoba
2020-10-11,16,,,cordoba
2020-10-11,,17,,cordoba
2020-10-11,,,24,cordoba
2020-10-12,18,,,cordoba
2020-10-12,,23,,cordoba
2020-10-12,,,29,cordoba
2020-10-13,20,,,cordoba
2020-10-13,,25,,cordoba
2020-10-13,,,34,cordoba
2020-10-14,24,,,cordoba
2020-10-14,,44,,cordoba
2020-10-14,,,48,cordoba
2020-10-15,21,,,cordoba
2020-10-15,,38,,cordoba
2020-10-15,,,30,cordoba
2020-10-16,21,,,cordoba
2020-10-16,,27,,cordoba
2020-10-16,,,30,cordoba
2020-10-17,18,,,cordoba
2020-10-17,,25,,cordoba
2020-10-17,,,30,cordoba
2020-10-18,20,,,cordoba
2020-10-18,,22,,cordoba
2020-10-18,,,35,cordoba
2020-10-19,24,,,cordoba
2020-10-19,,39,,cordoba
2020-10-19,,,37,cordoba
2020-10-20,19,,,cordoba
2020-10-20,,28,,cordoba
2020-10-20,,,25,cordoba
2020-10-21,21,,,cordoba
2020-10-21,,26,,cordoba
2020-10-21,,,20,cordoba
2020-10-22,17,,,cordoba
2020-10-22,,32,,cordoba
2020-10-22,,,35,cordoba
2020-10-23,24,,,cordoba
2020-10-23,,38,,cordoba
2020-10-23,,,38,cordoba
2020-10-24,25,,,cordoba
2020-10-24,,35,,cordoba
2020-10-24,,,24,cordoba
2020-10-25,23,,,cordoba
2020-10-25,,25,,cordoba
2020-10-25,,,35,cordoba
2020-10-26,26,,,cordoba
2020-10-26,,36,,cordoba
2020-10-26,,,29,cordoba
2020-10-27,29,,,cordoba
2020-10-27,,32,,cordoba
2020-10-27,,,32,cordoba
2020-10-28,29,,,cordoba
2020-10-28,,40,,cordoba
2020-10-28,,,41,cordoba
2020-10-29,27,,,cordoba
2020-10-29,,41,,cordoba
2020-10-29,,,35,cordoba
2020-10-30,33,,,cordoba
2020-10-30,,35,,cordoba
2020-10-30,,,30,cordoba
2020-10-31,23,,,cordoba
2020-10-31,,28,,cordoba
2020-10-31,,,26,cordoba
2020-11-01,20,,,cordoba
2020-11-01,,18,,cordoba
2020-11-01,,,23,cordoba
2020-11-02,26,,,cordoba
2020-11-02,,34,,cordoba
2020-11-02,,,27,cordoba
2020-11-03,19,,,cordoba
2020-11-03,,25,,cordoba
2020-11-03,,,26,cordoba
2020-11-04,17,,,cordoba
2020-11-04,,27,,cordoba
2020-11-04,,,6,cordoba
2020-11-05,s/d,,,cordoba
2020-11-05,,s/d,,cordoba
2020-11-05,,,s/d,cordoba
2020-11-06,s/d,,,cordoba
2020-11-06,,s/d,,cordoba
2020-11-06,,,s/d,cordoba
2020-11-07,s/d,,,cordoba
2020-11-07,,s/d,,cordoba
2020-11-07,,,s/d,cordoba
2020-11-08,s/d,,,cordoba
2020-11-08,,s/d,,cordoba
2020-11-08,,,s/d,cordoba
2020-11-09,s/d,,,cordoba
2020-11-09,,s/d,,cordoba
2020-11-09,,,s/d,cordoba
2020-11-10,s/d,,,cordoba
2020-11-10,,s/d,,cordoba
2020-11-10,,,s/d,cordoba
2020-11-11,s/d,,,cordoba
2020-11-11,,s/d,,cordoba
2020-11-11,,,s/d,cordoba
2020-11-12,s/d,,,cordoba
2020-11-12,,s/d,,cordoba
2020-11-12,,,s/d,cordoba
2020-11-13,s/d,,,cordoba
2020-11-13,,s/d,,cordoba
2020-11-13,,,24,cordoba
2020-11-14,21,,,cordoba
2020-11-14,,32,,cordoba
2020-11-14,,,39,cordoba
2020-11-15,24,,,cordoba
2020-11-15,,21,,cordoba
2020-11-15,,,26,cordoba
2020-11-16,32,,,cordoba
2020-11-16,,36,,cordoba
2020-11-16,,,29,cordoba
2020-11-17,20,,,cordoba
2020-11-17,,27,,cordoba
2020-11-17,,,33,cordoba
2020-11-18,28,,,cordoba
2020-11-18,,34,,cordoba
2020-11-18,,,31,cordoba
2020-11-19,32,,,cordoba
2020-11-19,,28,,cordoba
2020-11-19,,,25,cordoba
2020-11-20,23,,,cordoba
2020-11-20,,25,,cordoba
2020-11-20,,,25,cordoba
2020-11-21,23,,,cordoba
2020-11-21,,22,,cordoba
2020-11-21,,,26,cordoba
2020-11-22,23,,,cordoba
2020-11-22,,21,,cordoba
2020-11-22,,,24,cordoba
2020-11-23,22,,,cordoba
2020-11-23,,22,,cordoba
2020-11-23,,,32,cordoba
2020-11-24,28,,,cordoba
2020-11-24,,45,,cordoba
2020-11-24,,,31,cordoba
2020-11-25,28,,,cordoba
2020-11-25,,38,,cordoba
2020-11-25,,,39,cordoba
2020-11-26,37,,,cordoba
2020-11-26,,35,,cordoba
2020-11-26,,,36,cordoba
2020-11-27,22,,,cordoba
2020-11-27,,32,,cordoba
2020-11-27,,,35,cordoba
2020-11-28,23,,,cordoba
2020-11-28,,29,,cordoba
2020-11-28,,,33,cordoba
2020-11-29,29,,,cordoba
2020-11-29,,27,,cordoba
2020-11-29,,,29,cordoba
2020-11-30,24,,,cordoba
2020-11-30,,28,,cordoba
2020-11-30,,,24,cordoba
2020-12-01,21,,,cordoba
2020-12-01,,31,,cordoba
2020-12-01,,,35,cordoba
2020-12-02,29,,,cordoba
2020-12-02,,40,,cordoba
2020-12-02,,,35,cordoba
2020-12-03,30,,,cordoba
2020-12-03,,45,,cordoba
2020-12-03,,,45,cordoba
2020-12-04,25,,,cordoba
2020-12-04,,31,,cordoba
2020-12-04,,,30,cordoba
2020-12-05,25,,,cordoba
2020-12-05,,22,,cordoba
2020-12-05,,,21,cordoba
2020-12-06,19,,,cordoba
2020-12-06,,19,,cordoba
2020-12-06,,,21,cordoba
2020-12-07,19,,,cordoba
2020-12-07,,19,,cordoba
2020-12-07,,,21,cordoba
2020-12-08,20,,,cordoba
2020-12-08,,20,,cordoba
2020-12-08,,,24,cordoba
2020-12-09,24,,,cordoba
2020-12-09,,26,,cordoba
2020-12-09,,,41,cordoba
2020-12-10,27,,,cordoba
2020-12-10,,30,,cordoba
2020-12-10,,,30,cordoba
2020-12-11,26,,,cordoba
2020-12-11,,37,,cordoba
2020-12-11,,,42,cordoba
2020-12-12,41,,,cordoba
2020-12-12,,28,,cordoba
2020-12-12,,,32,cordoba
2020-12-13,26,,,cordoba
2020-12-13,,26,,cordoba
2020-12-13,,,31,cordoba
2020-12-14,25,,,cordoba
2020-12-14,,25,,cordoba
2020-12-14,,,28,cordoba
2020-12-15,28,,,cordoba
2020-12-15,,33,,cordoba
2020-12-15,,,24,cordoba
2020-12-16,23,,,cordoba
2020-12-16,,28,,cordoba
2020-12-16,,,34,cordoba
2020-12-17,24,,,cordoba
2020-12-17,,35,,cordoba
2020-12-17,,,37,cordoba
2020-12-18,32,,,cordoba
2020-12-18,,25,,cordoba
2020-12-18,,,32,cordoba
2020-12-19,25,,,cordoba
2020-12-19,,20,,cordoba
2020-12-19,,,19,cordoba
2020-12-20,13,,,cordoba
2020-12-20,,15,,cordoba
2020-12-20,,,26,cordoba
2020-12-21,25,,,cordoba
2020-12-21,,36,,cordoba
2020-12-21,,,29,cordoba
2020-12-22,18,,,cordoba
2020-12-22,,26,,cordoba
2020-12-22,,,33,cordoba
2020-12-23,21,,,cordoba
2020-12-23,,s/d,,cordoba
2020-12-23,,,36,cordoba
2020-12-24,24,,,cordoba
2020-12-24,,27,,cordoba
2020-12-24,,,24,cordoba
2020-12-25,20,,,cordoba
2020-12-25,,18,,cordoba
2020-12-25,,,23,cordoba
2020-12-26,21,,,cordoba
2020-12-26,,23,,cordoba
2020-12-26,,,25,cordoba
2020-12-27,24,,,cordoba
2020-12-27,,24,,cordoba
2020-12-27,,,30,cordoba
2020-12-28,28,,,cordoba
2020-12-28,,35,,cordoba
2020-12-28,,,35,cordoba
2020-12-29,34,,,cordoba
2020-12-29,,41,,cordoba
2020-12-29,,,54,cordoba
2020-12-30,42,,,cordoba
2020-12-30,,44,,cordoba
2020-12-30,,,41,cordoba
2020-12-31,36,,,cordoba
2020-12-31,,39,,cordoba
2020-12-31,,,38,cordoba
2021-04-01,9,,,parque-centenario
2021-04-01,,11,,parque-centenario
2021-04-01,,,13,parque-centenario
2021-04-02,8,,,parque-centenario
2021-04-02,,7,,parque-centenario
2021-04-02,,,13,parque-centenario
2021-04-03,9,,,parque-centenario
2021-04-03,,10,,parque-centenario
2021-04-03,,,13,parque-centenario
2021-04-04,9,,,parque-centenario
2021-04-04,,8,,parque-centenario
2021-04-04,,,13,parque-centenario
2021-04-05,12,,,parque-centenario
2021-04-05,,19,,parque-centenario
2021-04-05,,,28,parque-centenario
2021-04-06,16,,,parque-centenario
2021-04-06,,20,,parque-centenario
2021-04-06,,,25,parque-centenario
2021-04-07,13,,,parque-centenario
2021-04-07,,16,,parque-centenario
2021-04-07,,,31,parque-centenario
2021-04-08,11,,,parque-centenario
2021-04-08,,23,,parque-centenario
2021-04-08,,,27,parque-centenario
2021-04-09,14,,,parque-centenario
2021-04-09,,25,,parque-centenario
2021-04-09,,,26,parque-centenario
2021-04-10,10,,,parque-centenario
2021-04-10,,14,,parque-centenario
2021-04-10,,,19,parque-centenario
2021-04-11,8,,,parque-centenario
2021-04-11,,6,,parque-centenario
2021-04-11,,,20,parque-centenario
2021-04-12,23,,,parque-centenario
2021-04-12,,30,,parque-centenario
2021-04-12,,,33,parque-centenario
2021-04-13,25,,,parque-centenario
2021-04-13,,33,,parque-centenario
2021-04-13,,,34,parque-centenario
2021-04-14,23,,,parque-centenario
2021-04-14,,16,,parque-centenario
2021-04-14,,,24,parque-centenario
2021-04-15,15,,,parque-centenario
2021-04-15,,26,,parque-centenario
2021-04-15,,,32,parque-centenario
2021-04-16,25,,,parque-centenario
2021-04-16,,34,,parque-centenario
2021-04-16,,,35,parque-centenario
2021-04-17,19,,,parque-centenario
2021-04-17,,16,,parque-centenario
2021-04-17,,,16,parque-centenario
2021-04-18,7,,,parque-centenario
2021-04-18,,8,,parque-centenario
2021-04-18,,,18,parque-centenario
2021-04-19,8,,,parque-centenario
2021-04-19,,12,,parque-centenario
2021-04-19,,,20,parque-centenario
2021-04-20,10,,,parque-centenario
2021-04-20,,15,,parque-centenario
2021-04-20,,,15,parque-centenario
2021-04-21,11,,,parque-centenario
2021-04-21,,13,,parque-centenario
2021-04-21,,,17,parque-centenario
2021-04-22,6,,,parque-centenario
2021-04-22,,13,,parque-centenario
2021-04-22,,,23,parque-centenario
2021-04-23,8,,,parque-centenario
2021-04-23,,17,,parque-centenario
2021-04-23,,,22,parque-centenario
2021-04-24,12,,,parque-centenario
2021-04-24,,16,,parque-centenario
2021-04-24,,,15,parque-centenario
2021-04-25,7,,,parque-centenario
2021-04-25,,9,,parque-centenario
2021-04-25,,,19,parque-centenario
2021-04-26,18,,,parque-centenario
2021-04-26,,25,,parque-centenario
2021-04-26,,,35,parque-centenario
2021-04-27,30,,,parque-centenario
2021-04-27,,28,,parque-centenario
2021-04-27,,,33,parque-centenario
2021-04-28,24,,,parque-centenario
2021-04-28,,31,,parque-centenario
2021-04-28,,,39,parque-centenario
2021-04-29,24,,,parque-centenario
2021-04-29,,31,,parque-centenario
2021-04-29,,,31,parque-centenario
2021-04-30,13,,,parque-centenario
2021-04-30,,19,,parque-centenario
2021-04-30,,,29,parque-centenario
2021-04-01,11,,,cordoba
2021-04-01,,13,,cordoba
2021-04-01,,,13,cordoba
2021-04-02,8,,,cordoba
2021-04-02,,9,,cordoba
2021-04-02,,,13,cordoba
2021-04-03,9,,,cordoba
2021-04-03,,12,,cordoba
2021-04-03,,,14,cordoba
2021-04-04,11,,,cordoba
2021-04-04,,9,,cordoba
2021-04-04,,,12,cordoba
2021-04-05,12,,,cordoba
2021-04-05,,21,,cordoba
2021-04-05,,,21,cordoba
2021-04-06,15,,,cordoba
2021-04-06,,19,,cordoba
2021-04-06,,,17,cordoba
2021-04-07,12,,,cordoba
2021-04-07,,16,,cordoba
2021-04-07,,,23,cordoba
2021-04-08,12,,,cordoba
2021-04-08,,16,,cordoba
2021-04-08,,,27,cordoba
2021-04-09,14,,,cordoba
2021-04-09,,22,,cordoba
2021-04-09,,,21,cordoba
2021-04-10,9,,,cordoba
2021-04-10,,13,,cordoba
2021-04-10,,,15,cordoba
2021-04-11,7,,,cordoba
2021-04-11,,12,,cordoba
2021-04-11,,,20,cordoba
2021-04-12,22,,,cordoba
2021-04-12,,27,,cordoba
2021-04-12,,,22,cordoba
2021-04-13,22,,,cordoba
2021-04-13,,26,,cordoba
2021-04-13,,,27,cordoba
2021-04-14,16,,,cordoba
2021-04-14,,14,,cordoba
2021-04-14,,,22,cordoba
2021-04-15,15,,,cordoba
2021-04-15,,22,,cordoba
2021-04-15,,,29,cordoba
2021-04-16,25,,,cordoba
2021-04-16,,35,,cordoba
2021-04-16,,,29,cordoba
2021-04-17,18,,,cordoba
2021-04-17,,16,,cordoba
2021-04-17,,,16,cordoba
2021-04-18,8,,,cordoba
2021-04-18,,8,,cordoba
2021-04-18,,,15,cordoba
2021-04-19,9,,,cordoba
2021-04-19,,13,,cordoba
2021-04-19,,,16,cordoba
2021-04-20,8,,,cordoba
2021-04-20,,s/d,,cordoba
2021-04-20,,,s/d,cordoba
2021-04-21,s/d,,,cordoba
2021-04-21,,s/d,,cordoba
2021-04-21,,,s/d,cordoba
2021-04-22,s/d,,,cordoba
2021-04-22,,s/d,,cordoba
2021-04-22,,,s/d,cordoba
2021-04-23,s/d,,,cordoba
2021-04-23,,s/d,,cordoba
2021-04-23,,,s/d,cordoba
2021-04-24,s/d,,,cordoba
2021-04-24,,s/d,,cordoba
2021-04-24,,,s/d,cordoba
2021-04-25,s/d,,,cordoba
2021-04-25,,s/d,,cordoba
2021-04-25,,,s/d,cordoba
2021-04-26,s/d,,,cordoba
2021-04-26,,s/d,,cordoba
2021-04-26,,,s/d,cordoba
2021-04-27,s/d,,,cordoba
2021-04-27,,s/d,,cordoba
2021-04-27,,,s/d,cordoba
2021-04-28,s/d,,,cordoba
2021-04-28,,s/d,,cordoba
2021-04-28,,,s/d,cordoba
2021-04-29,s/d,,,cordoba
2021-04-29,,s/d,,cordoba
2021-04-29,,,s/d,cordoba
2021-04-30,s/d,,,cordoba
2021-04-30,,s/d,,cordoba
2021-04-30,,,s/d,cordoba
2023-09-01,15,,,parque-centenario
2023-09-01,,21,,parque-centenario
2023-09-01,,,31,parque-centenario
2023-09-02,22,,,parque-centenario
2023-09-02,,16,,parque-centenario
2023-09-02,,,16,parque-centenario
2023-09-03,13,,,parque-centenario
2023-09-03,,16,,parque-centenario
2023-09-03,,,17,parque-centenario
2023-09-04,14,,,parque-centenario
2023-09-04,,21,,parque-centenario
2023-09-04,,,23,parque-centenario
2023-09-05,17,,,parque-centenario
2023-09-05,,29,,parque-centenario
2023-09-05,,,21,parque-centenario
2023-09-06,12,,,parque-centenario
2023-09-06,,18,,parque-centenario
2023-09-06,,,23,parque-centenario
2023-09-07,15,,,parque-centenario
2023-09-07,,24,,parque-centenario
2023-09-07,,,20,parque-centenario
2023-09-08,15,,,parque-centenario
2023-09-08,,26,,parque-centenario
2023-09-08,,,31,parque-centenario
2023-09-09,28,,,parque-centenario
2023-09-09,,27,,parque-centenario
2023-09-09,,,26,parque-centenario
2023-09-10,16,,,parque-centenario
2023-09-10,,12,,parque-centenario
2023-09-10,,,17,parque-centenario
2023-09-11,14,,,parque-centenario
2023-09-11,,15,,parque-centenario
2023-09-11,,,16,parque-centenario
2023-09-12,15,,,parque-centenario
2023-09-12,,18,,parque-centenario
2023-09-12,,,25,parque-centenario
2023-09-13,26,,,parque-centenario
2023-09-13,,21,,parque-centenario
2023-09-13,,,21,parque-centenario
2023-09-14,16,,,parque-centenario
2023-09-14,,22,,parque-centenario
2023-09-14,,,24,parque-centenario
2023-09-15,12,,,parque-centenario
2023-09-15,,22,,parque-centenario
2023-09-15,,,23,parque-centenario
2023-09-16,11,,,parque-centenario
2023-09-16,,17,,parque-centenario
2023-09-16,,,18,parque-centenario
2023-09-17,16,,,parque-centenario
2023-09-17,,14,,parque-centenario
2023-09-17,,,12,parque-centenario
2023-09-18,12,,,parque-centenario
2023-09-18,,15,,parque-centenario
2023-09-18,,,17,parque-centenario
2023-09-19,16,,,parque-centenario
2023-09-19,,17,,parque-centenario
2023-09-19,,,16,parque-centenario
2023-09-20,13,,,parque-centenario
2023-09-20,,19,,parque-centenario
2023-09-20,,,18,parque-centenario
2023-09-21,13,,,parque-centenario
2023-09-21,,20,,parque-centenario
2023-09-21,,,28,parque-centenario
2023-09-22,18,,,parque-centenario
2023-09-22,,15,,parque-centenario
2023-09-22,,,19,parque-centenario
2023-09-23,11,,,parque-centenario
2023-09-23,,19,,parque-centenario
2023-09-23,,,23,parque-centenario
2023-09-24,20,,,parque-centenario
2023-09-24,,12,,parque-centenario
2023-09-24,,,14,parque-centenario
2023-09-25,16,,,parque-centenario
2023-09-25,,13,,parque-centenario
2023-09-25,,,15,parque-centenario
2023-09-26,12,,,parque-centenario
2023-09-26,,21,,parque-centenario
2023-09-26,,,30,parque-centenario
2023-09-27,25,,,parque-centenario
2023-09-27,,28,,parque-centenario
2023-09-27,,,26,parque-centenario
2023-09-28,12,,,parque-centenario
2023-09-28,,14,,parque-centenario
2023-09-28,,,24,parque-centenario
2023-09-29,25,,,parque-centenario
2023-09-29,,21,,parque-centenario
2023-09-29,,,17,parque-centenario
2023-09-30,13,,,parque-centenario
2023-09-30,,16,,parque-centenario
2023-09-30,,,22,parque-centenario
2023-10-01,29,,,parque-centenario
2023-10-01,,19,,parque-centenario
2023-10-01,,,16,parque-centenario
2023-10-02,9,,,parque-centenario
2023-10-02,,14,,parque-centenario
2023-10-02,,,18,parque-centenario
2023-10-03,12,,,parque-centenario
2023-10-03,,17,,parque-centenario
2023-10-03,,,25,parque-centenario
2023-10-04,12,,,parque-centenario
2023-10-04,,18,,parque-centenario
2023-10-04,,,24,parque-centenario
2023-10-05,27,,,parque-centenario
2023-10-05,,22,,parque-centenario
2023-10-05,,,28,parque-centenario
2023-10-06,21,,,parque-centenario
2023-10-06,,26,,parque-centenario
2023-10-06,,,22,parque-centenario
2023-10-07,23,,,parque-centenario
2023-10-07,,16,,parque-centenario
2023-10-07,,,27,parque-centenario
2023-10-08,17,,,parque-centenario
2023-10-08,,12,,parque-centenario
2023-10-08,,,20,parque-centenario
2023-10-09,14,,,parque-centenario
2023-10-09,,28,,parque-centenario
2023-10-09,,,27,parque-centenario
2023-10-10,11,,,parque-centenario
2023-10-10,,17,,parque-centenario
2023-10-10,,,22,parque-centenario
2023-10-11,10,,,parque-centenario
2023-10-11,,13,,parque-centenario
2023-10-11,,,17,parque-centenario
2023-10-12,18,,,parque-centenario
2023-10-12,,17,,parque-centenario
2023-10-12,,,20,parque-centenario
2023-10-13,17,,,parque-centenario
2023-10-13,,12,,parque-centenario
2023-10-13,,,18,parque-centenario
2023-10-14,12,,,parque-centenario
2023-10-14,,10,,parque-centenario
2023-10-14,,,13,parque-centenario
2023-10-15,7,,,parque-centenario
2023-10-15,,7,,parque-centenario
2023-10-15,,,16,parque-centenario
2023-10-16,11,,,parque-centenario
2023-10-16,,12,,parque-centenario
2023-10-16,,,17,parque-centenario
2023-10-17,9,,,parque-centenario
2023-10-17,,14,,parque-centenario
2023-10-17,,,14,parque-centenario
2023-10-18,18,,,parque-centenario
2023-10-18,,13,,parque-centenario
2023-10-18,,,17,parque-centenario
2023-10-19,9,,,parque-centenario
2023-10-19,,12,,parque-centenario
2023-10-19,,,17,parque-centenario
2023-10-20,10,,,parque-centenario
2023-10-20,,13,,parque-centenario
2023-10-20,,,20,parque-centenario
2023-10-21,12,,,parque-centenario
2023-10-21,,13,,parque-centenario
2023-10-21,,,23,parque-centenario
2023-10-22,10,,,parque-centenario
2023-10-22,,11,,parque-centenario
2023-10-22,,,16,parque-centenario
2023-10-23,11,,,parque-centenario
2023-10-23,,17,,parque-centenario
2023-10-23,,,14,parque-centenario
2023-10-24,8,,,parque-centenario
2023-10-24,,14,,parque-centenario
2023-10-24,,,24,parque-centenario
2023-10-25,13,,,parque-centenario
2023-10-25,,15,,parque-centenario
2023-10-25,,,22,parque-centenario
2023-10-26,14,,,parque-centenario
2023-10-26,,19,,parque-centenario
2023-10-26,,,22,parque-centenario
2023-10-27,12,,,parque-centenario
2023-10-27,,15,,parque-centenario
2023-10-27,,,25,parque-centenario
2023-10-28,15,,,parque-centenario
2023-10-28,,17,,parque-centenario
2023-10-28,,,24,parque-centenario
2023-10-29,14,,,parque-centenario
2023-10-29,,9,,parque-centenario
2023-10-29,,,14,parque-centenario
2023-10-30,8,,,parque-centenario
2023-10-30,,14,,parque-centenario
2023-10-30,,,14,parque-centenario
2023-10-31,11,,,parque-centenario
2023-10-31,,14,,parque-centenario
2023-10-31,,,17,parque-centenario
2023-09-01,s/d,,,cordoba
2023-09-01,,s/d,,cordoba
2023-09-01,,,s/d,cordoba
2023-09-02,s/d,,,cordoba
2023-09-02,,s/d,,cordoba
2023-09-02,,,s/d,cordoba
2023-09-03,s/d,,,cordoba
2023-09-03,,s/d,,cordoba
2023-09-03,,,s/d,cordoba
2023-09-04,s/d,,,cordoba
2023-09-04,,s/d,,cordoba
2023-09-04,,,s/d,cordoba
2023-09-05,s/d,,,cordoba
2023-09-05,,s/d,,cordoba
2023-09-05,,,s/d,cordoba
2023-09-06,s/d,,,cordoba
2023-09-06,,s/d,,cordoba
2023-09-06,,,s/d,cordoba
2023-09-07,s/d,,,cordoba
2023-09-07,,s/d,,cordoba
2023-09-07,,,s/d,cordoba
2023-09-08,s/d,,,cordoba
2023-09-08,,s/d,,cordoba
2023-09-08,,,s/d,cordoba
2023-09-09,s/d,,,cordoba
2023-09-09,,s/d,,cordoba
2023-09-09,,,s/d,cordoba
2023-09-10,s/d,,,cordoba
2023-09-10,,s/d,,cordoba
2023-09-10,,,s/d,cordoba
2023-09-11,s/d,,,cordoba
2023-09-11,,s/d,,cordoba
2023-09-11,,,s/d,cordoba
2023-09-12,s/d,,,cordoba
2023-09-12,,s/d,,cordoba
2023-09-12,,,s/d,cordoba
2023-09-13,s/d,,,cordoba
2023-09-13,,s/d,,cordoba
2023-09-13,,,s/d,cordoba
2023-09-14,s/d,,,cordoba
2023-09-14,,s/d,,cordoba
2023-09-14,,,20,cordoba
2023-09-15,10,,,cordoba
2023-09-15,,16,,cordoba
2023-09-15,,,19,cordoba
2023-09-16,9,,,cordoba
2023-09-16,,19,,cordoba
2023-09-16,,,26,cordoba
2023-09-17,15,,,cordoba
2023-09-17,,17,,cordoba
2023-09-17,,,20,cordoba
2023-09-18,18,,,cordoba
2023-09-18,,27,,cordoba
2023-09-18,,,21,cordoba
2023-09-19,22,,,cordoba
2023-09-19,,19,,cordoba
2023-09-19,,,16,cordoba
2023-09-20,12,,,cordoba
2023-09-20,,22,,cordoba
2023-09-20,,,19,cordoba
2023-09-21,17,,,cordoba
2023-09-21,,25,,cordoba
2023-09-21,,,34,cordoba
2023-09-22,21,,,cordoba
2023-09-22,,20,,cordoba
2023-09-22,,,21,cordoba
2023-09-23,10,,,cordoba
2023-09-23,,19,,cordoba
2023-09-23,,,23,cordoba
2023-09-24,23,,,cordoba
2023-09-24,,15,,cordoba
2023-09-24,,,14,cordoba
2023-09-25,13,,,cordoba
2023-09-25,,17,,cordoba
2023-09-25,,,15,cordoba
2023-09-26,10,,,cordoba
2023-09-26,,26,,cordoba
2023-09-26,,,34,cordoba
2023-09-27,31,,,cordoba
2023-09-27,,32,,cordoba
2023-09-27,,,25,cordoba
2023-09-28,11,,,cordoba
2023-09-28,,12,,cordoba
2023-09-28,,,27,cordoba
2023-09-29,21,,,cordoba
2023-09-29,,33,,cordoba
2023-09-29,,,27,cordoba
2023-09-30,18,,,cordoba
2023-09-30,,19,,cordoba
2023-09-30,,,30,cordoba
2023-10-01,33,,,cordoba
2023-10-01,,19,,cordoba
2023-10-01,,,21,cordoba
2023-10-02,13,,,cordoba
2023-10-02,,18,,cordoba
2023-10-02,,,21,cordoba
2023-10-03,13,,,cordoba
2023-10-03,,21,,cordoba
2023-10-03,,,29,cordoba
2023-10-04,16,,,cordoba
2023-10-04,,25,,cordoba
2023-10-04,,,30,cordoba
2023-10-05,29,,,cordoba
2023-10-05,,22,,cordoba
2023-10-05,,,25,cordoba
2023-10-06,23,,,cordoba
2023-10-06,,35,,cordoba
2023-10-06,,,33,cordoba
2023-10-07,31,,,cordoba
2023-10-07,,17,,cordoba
2023-10-07,,,29,cordoba
2023-10-08,10,,,cordoba
2023-10-08,,8,,cordoba
2023-10-08,,,16,cordoba
2023-10-09,15,,,cordoba
2023-10-09,,26,,cordoba
2023-10-09,,,21,cordoba
2023-10-10,8,,,cordoba
2023-10-10,,12,,cordoba
2023-10-10,,,27,cordoba
2023-10-11,16,,,cordoba
2023-10-11,,27,,cordoba
2023-10-11,,,27,cordoba
2023-10-12,22,,,cordoba
2023-10-12,,27,,cordoba
2023-10-12,,,23,cordoba
2023-10-13,13,,,cordoba
2023-10-13,,8,,cordoba
2023-10-13,,,18,cordoba
2023-10-14,9,,,cordoba
2023-10-14,,9,,cordoba
2023-10-14,,,15,cordoba
2023-10-15,7,,,cordoba
2023-10-15,,7,,cordoba
2023-10-15,,,15,cordoba
2023-10-16,12,,,cordoba
2023-10-16,,15,,cordoba
2023-10-16,,,19,cordoba
2023-10-17,15,,,cordoba
2023-10-17,,25,,cordoba
2023-10-17,,,19,cordoba
2023-10-18,15,,,cordoba
2023-10-18,,19,,cordoba
2023-10-18,,,20,cordoba
2023-10-19,8,,,cordoba
2023-10-19,,18,,cordoba
2023-10-19,,,18,cordoba
2023-10-20,11,,,cordoba
2023-10-20,,20,,cordoba
2023-10-20,,,21,cordoba
2023-10-21,13,,,cordoba
2023-10-21,,12,,cordoba
2023-10-21,,,21,cordoba
2023-10-22,14,,,cordoba
2023-10-22,,11,,cordoba
2023-10-22,,,17,cordoba
2023-10-23,16,,,cordoba
2023-10-23,,26,,cordoba
2023-10-23,,,23,cordoba
2023-10-24,15,,,cordoba
2023-10-24,,25,,cordoba
2023-10-24,,,24,cordoba
2023-10-25,20,,,cordoba
2023-10-25,,28,,cordoba
2023-10-25,,,28,cordoba
2023-10-26,13,,,cordoba
2023-10-26,,16,,cordoba
2023-10-26,,,23,cordoba
2023-10-27,8,,,cordoba
2023-10-27,,14,,cordoba
2023-10-27,,,27,cordoba
2023-10-28,15,,,cordoba
2023-10-28,,21,,cordoba
2023-10-28,,,32,cordoba
2023-10-29,13,,,cordoba
2023-10-29,,12,,cordoba
2023-10-29,,,15,cordoba
2023-10-30,12,,,cordoba
2023-10-30,,25,,cordoba
2023-10-30,,,20,cordoba
2023-10-31,16,,,cordoba
2023-10-31,,17,,cordoba
2023-10-31,,,17,cordoba
